"Cookie settings","Cookie settings"
"We use cookies to provide you with the best possible experience. They also allow us to analyze user behavior in order to constantly improve the website for you.","We use cookies to provide you with the best possible experience. They also allow us to analyze user behavior in order to constantly improve the website for you."
"Essential","Essential"
"Enables storage that supports the functionality of the website or app, e.g. language settings","Enables storage that supports the functionality of the website or app, e.g. language settings"
"Analytics","Analytics"
"Enables storage (such as cookies) related to analytics, e.g. visit duration","Enables storage (such as cookies) related to analytics, e.g. visit duration"
"Preferences","Preferences"
"Enables storage related to personalisation, e.g. video recommendations","Enables storage related to personalisation, e.g. video recommendations"
"Marketing","Marketing"
"Enables storage (such as cookies) related to advertising","Enables storage (such as cookies) related to advertising"
"Learn more","Learn more"
"Accept All","Accept All"
"Accept Selection","Accept Selection"
"Reject All","Reject All"